Dish,Origin
Chow mein,Chinese
Noodle soup,Chinese
Zhajiangmian,Chinese
Lamian,Chinese
Liangpi,Chinese
Lo mein,Chinese
Biangbiang noodles,Chinese
Sliced Noodles,Chinese
Chongqing noodles,Chinese
Shacha noodles,Chinese
Noodles with tomato egg sauce,Chinese
White rice,Chinese
Fried Rice,Chinese
Braised pork belly,Chinese
Braised pork,Chinese
Sweet and sour pork,Chinese
Twice cooked pork,Chinese
Char siu,Chinese
Century egg,Chinese
Kung Pao chicken,Chinese
Peking Duck,Chinese
Soy egg,Chinese
Tea egg,Chinese
Fujian red wine chicken,Chinese
Stir-fried tomato and scrambled eggs,Chinese
Buddha's delight,Chinese
Pickled vegetables,Chinese
Double steaming / double boiling,Chinese
Red cooking,Chinese
Stir frying,Chinese
Dumplings,Chinese
English,Chinese
Baozi,Chinese
Dim sum,Chinese
Potsticker,Chinese
Jiaozi,Chinese
Mantou,Chinese
Wonton,Chinese
Xiaolongbao,Chinese
Zongzi,Chinese
Tangyuan,Chinese
Cha siu bao,Chinese
Scallion pancake,Chinese
Mooncake,Chinese
Sachima,Chinese
Shaobing,Chinese
Youtiao,Chinese
Congee,Chinese
Hot and sour soup,Chinese
Hot pot,Chinese
Tong sui,Chinese
Bang Tofu,Chinese
Bright Pearl Abalone,Chinese
Caterpillar Fungus Duck,Chinese
Crab and Fish Stomachs,Chinese
Crab-apple Flower Cake,Chinese
Dried Pot Tofu,Chinese
Five Colours Fish Cake,Chinese
Flower Mushroom Frog,Chinese
Steamed Pumpkin Dumplings,Chinese
Fried Tofu Curd Balls,Chinese
Fuli Roast Chicken,Chinese
Ginger Duck,Chinese
Hay Wrapped Fragrant Ribs,Chinese
Jade Rabbit Sea Cucumber,Chinese
Lotus Seed Pod Fish,Chinese
Phoenix Tail Shrimp,Chinese
Potato Croquet,Chinese
Silver Fish Fried Egg,Chinese
Soy Braised Mandarin Fish,Chinese
Peking Duck,Chinese
Zhajiangmian,Chinese
Xianbing,Chinese
Crullers,Chinese
Braised abalone,Chinese
Shaved ice,Chinese
Beef chow fun,Chinese
Bird's nest soup,Chinese
Black sesame soup,Chinese
Cantonese seafood soup,Chinese
Char siu,Chinese
Crispy fried chicken,Chinese
Duck with taro,Chinese
Guilinggao,Chinese
Little pan rice,Chinese
Red bean soup,Chinese
Roast squab,Chinese
Roast suckling pig,Chinese
Sea cucumber,Chinese
Seafood with bird's nest,Chinese
Shark fin soup,Chinese
Snow fungus soup,Chinese
Sour spare ribs,Chinese
Spare ribs soup with watercress and apricot kernels,Chinese
White cut chicken,Chinese
Winter melon soup,Chinese
Wonton noodles,Chinese
Yeung Chow fried rice,Chinese
Youtiao,Chinese
Zhaliang,Chinese
Yusheng,Chinese
Popiah,Chinese
Buddha jumps over the wall,Chinese
Fried rice in Fujian style,Chinese
Oyster omelette,Chinese
Popiah,Chinese
Yanpi,Chinese
Luosifen,Chinese
Ningmeng ya,Chinese
Hainanese chicken rice,Chinese
Wenchang chicken,Chinese
Hakka,Chinese
Meigan vegetable,Chinese
Stuffed bitter melon,Chinese
Stuffed tofu,Chinese
Changsha stinky tofu,Chinese
Xiangxi bacon,Chinese
Xiangxi rice tofu,Chinese
Hot dry noodles,Chinese
Chongqing spicy deep-fried chicken,Chinese
Dandan noodles,Chinese
Fuqi Feipian,Chinese
Sichuan hotpot,Chinese
Kung Pao chicken,Chinese
Mapo tofu,Chinese
Shuizhu,Chinese
Twice cooked pork,Chinese
Zhangcha duck,Chinese
Crossing the bridge noodles,Chinese
Beggar's Chicken,Chinese
Braised Sliced Pork with Preserved Vegetables,Chinese
Cold Chicken Cooked in Wine,Chinese
Dongpo Braised Pork,Chinese
Fish Ball in Light Soup,Chinese
Fried Eel Slices,Chinese
Fried Pigeon with Spiced Salt,Chinese
Fried Shrimps with Longjing Tea,Chinese
Fried Stuffed Bean Curd Paste,Chinese
Fried Sweet and Sour Pork,Chinese
Hangzhou-Style Duck Pickled in Soy Sauce,Chinese
Old Duck Stewed with Bamboo Root & Ham,Chinese
Red-Stewed Duck,Chinese
Sauteed Broad Beans with Ham,Chinese
Sauteed Shrimps,Chinese
Sizzling Rice in Tomato Sauce,Chinese
Steamed Pork with Rice Flour in Lotus Leaf,Chinese
Stewed Spring Bamboo Shoots,Chinese
Stir-Fried Spring Chicken with Chestnuts,Chinese
West Lake Fish in Vinegar Sauce,Chinese
Gohan,Japanese
Curry rice,Japanese
meshi,Japanese
Chāhan ,Japanese
yakimeshi,Japanese
Genmai gohan ,Japanese
Hayashi rice ,Japanese
Kamameshi ,Japanese
Katemeshi,Japanese
Mochi,Japanese
Mugi gohan,Japanese
Mugi meshi,Japanese
Ochazuke,Japanese
Okowa,Japanese
Omurice,Japanese
Onigiri,Japanese
Sekihan,Japanese
Takikomi gohan,Japanese
Tamago kake gohan ,Japanese
Tenmusu,Japanese
Chāhan,Japanese
Chazuke,Japanese
Sekihan,Japanese
Omurice,Japanese
Okowa,Japanese
Tenmusu,Japanese
Nanakusa-gayu,Japanese
Okayu ,Japanese
Zosui ,Japanese
Ojiya,Japanese
Nanakusa-gayu,Japanese
Rice bowls,Japanese
donburi ,Japanese
Gyūdon,Japanese
Katsudon ,Japanese
Oyakodon,Japanese
Tekkadon,Japanese
Tendon,Japanese
Unadon,Japanese
Wappameshi,Japanese
Katsudon,Japanese
Oyakodon,Japanese
Tendon,Japanese
Unadon,Japanese
Sushi,Japanese
sushi platter,Japanese
Nigirizushi ,Japanese
Makizushi,Japanese
Temaki ,Japanese
Temakizushi,Japanese
Chirashizushi  ,Japanese
Bara-zushi,Japanese
Inarizushi,Japanese
Oshizushi ,Japanese
Meharizushi,Japanese
Noodles,Japanese
Kamo nanban,Japanese
Soba,Japanese
Zaru soba ,Japanese
Udon,Japanese
Miso-nikomi-Udon,Japanese
Sōmen,Japanese
Ramen,Japanese
Champon ,Japanese
Hiyashi chūka,Japanese
Mazesoba ,Japanese
Okinawa soba ,Japanese
Yaki soba ,Japanese
Yaki udon ,Japanese
Bread,Japanese
Curry bread ,Japanese
Anpan ,Japanese
Yakisoba-pan ,Japanese
Korokke-pan ,Japanese
Melon-pan ,Japanese
Katsu-sando ,Japanese
Breaded cutlet-sandwich,Japanese
Curry bread,Japanese
Melonpan,Japanese
Okazu,Japanese
Deep-fried dishes,Japanese
Agemono ,Japanese
Karaage,Japanese
Nanbanzuke,Japanese
Korokke,Japanese
croquette,Japanese
Kushikatsu,Japanese
Satsuma-age ,Japanese
Tempura,Japanese
Kakiage,Japanese
Tonkatsu ,Japanese
Agedashi dōfu ,Japanese
Ebi tempura,Japanese
Tonkatsu,Japanese
Grilled and pan-fried dishes,Japanese
yakimono,Japanese
Yakizakana,Japanese
beef teriyaki ,Japanese
Yakimono,Japanese
Gyoza,Japanese
Kushiyaki ,Japanese
Motoyaki,Japanese
Okonomiyaki ,Japanese
Takoyaki ,Japanese
Teriyaki,Japanese
Unagi ,Japanese
Kabayaki,Japanese
Yakiniku,Japanese
Horumonyaki,Japanese
Jingisukan,Japanese
Yakitori,Japanese
Yakizakana ,Japanese
Takoyaki,Japanese
Nabemono,Japanese
Nabemono ,Japanese
Motsunabe ,Japanese
Shabu-shabu,Japanese
Sukiyaki,Japanese
Chirinabe,Japanese
Tetchiri,Japanese
Chigenabe  ,Japanese
Kimuchinabe,Japanese
Imoni,Japanese
Kiritanponabe,Japanese
Chankonabe ,Japanese
Sukiyaki,Japanese
Kiritanpo,Japanese
Nimono,Japanese
stewed dish,Japanese
Oden,Japanese
Kakuni,Japanese
Nikujaga ,Japanese
Nizakana,Japanese
Sōki ,Japanese
Itamemono,Japanese
stir-fried dish,Japanese
Kinpira gobo,Japanese
Chanpurū ,Japanese
Kinpira gobo ,Japanese
Sashimi,Japanese
Bonito tataki,Japanese
Katsuo no Tataki,Japanese
Fugu,Japanese
Ikizukuri ,Japanese
Tataki ,Japanese
Basashi ,Japanese
Torisashi,Japanese
Rebasashi ,Japanese
aburi,Japanese
suimono ,Japanese
shirumono,Japanese
Miso soup ,Japanese
Tonjiru,Japanese
Dangojiru ,Japanese
Sumashijiru,Japanese
osumashi,Japanese
Zōni ,Japanese
Miso soup,Japanese
Pickled food,Japanese
salted food,Japanese
tsukemono,Japanese
Karashimentaiko ,Japanese
Ikura ,Japanese
Tarako,Japanese
Mentaiko ,Japanese
Shiokara ,Japanese
Tsukemono,Japanese
Umeboshi,Japanese
Tsukudani,Japanese
Sunomono,Japanese
Umeboshi,Japanese
Side dishes,Japanese
Ohitashi,Japanese
Obento,Japanese
Bento ,Japanese
Chawan mushi ,Japanese
Edamame ,Japanese
Himono,Japanese
Hiyayakko,Japanese
Nattō ,Japanese
Ohitashi,Japanese
Osechi ,Japanese
Japanese salad dressings,Japanese
Wafu dressing,Japanese
Sanbaizu,Japanese
Shimotsukare ,Japanese
Chinmi,Japanese
Ankimo,Japanese
Karasumi,Japanese
Konowata ,Japanese
Mozuku ,Japanese
Uni ,Japanese
Okashi,Japanese
Japanese-style sweets,Japanese
Wagashi,Japanese
Oyatsu,Japanese
Higashi,Japanese
Amanattō,Japanese
Dango,Japanese
Hanabiramochi,Japanese
Higashi,Japanese
Hoshigaki,Japanese
Imagawayaki,Japanese
Kakigōri,Japanese
Kompeito,Japanese
Manjū,Japanese
Matsunoyuki,Japanese
Mochi,Japanese
Oshiruko,Japanese
Uirō,Japanese
Taiyaki,Japanese
Namagashi,Japanese
Old-fashioned Japanese-style sweets,Japanese
Dagashi,Japanese
Karume-yaki,Japanese
Sōsu senbei,Japanese
Mizuame,Japanese
Western-style sweets,Japanese
Yōgashi ,Japanese
Kasutera,Japanese
Mirukurepu,Japanese
Sweets bread,Japanese
Kashi pan,Japanese
Anpan,Japanese
Melonpan,Japanese
Peanut amanattō,Japanese
Anpan,Japanese
Castella,Japanese
Mizuame,Japanese
Umaibō,Japanese
Azuki Ice,Japanese
Koara no māchi,Japanese
Umai Bō,Japanese
Pocky,Japanese
Chok,Thai
Khao kan chin,Thai
Khao kha mu,Thai
Khao khai chiao,Thai
Khao khluk kapi,Thai
Khao mok gai,Thai
Khao mok nuea,Thai
Khao man gai,Thai
Khao mu krop,Thai
Khao mu krop mu daeng,Thai
Khao na pet,Thai
Khao niao,Thai
Khao nuea op,Thai
Khao phat,Thai
Khao phat amerikan,Thai
Khao phat kaeng khiao wan,Thai
Khao phat kaphrao mu,Thai
Khao phat namliap,Thai
Khao phat nam phrik long ruea,Thai
Khao phat nam phrik narok,Thai
Khao tom,Thai
Khao tom kui,Thai
Bami haeng pet,Thai
Bami mu daeng,Thai
Khanom chin kaeng khiao wan kai,Thai
Khanom chin nam ngiao,Thai
Khanom jeen nam yaa,Thai
Khanom chin sao nam,Thai
Khao soi Chang Mai,Thai
Khao soi Mae Sai,Thai
Khao soi nam na,Thai
Kuaichap,Thai
Kuai-tiao nam,Thai
Kuai-tiao nuea pueai,Thai
Kuai-tiao phat khi mao,Thai
Kuai-tiao rat na,Thai
Kuai-tiao ruea,Thai
Mi krop,Thai
Phat Mama,Thai
Phat si-io,Thai
Phat Thai,Thai
Phat wun sen,Thai
Sapaketti phat khi mao,Thai
Tom yam boran,Thai
Yentafo,Thai
Yum kanom jeen,Thai
Chim chum,Thai
Kaolao,Thai
Khao soi noi songkhrueang,Thai
Mu kratha,Thai
Nam phrik kapi kap pla thu thot,Thai
Pathongko,Thai
Suki,Thai
Curry,Thai
Chin hum,Thai
Chuchi pla kaphong,Thai
Chuchi pla thu sot,Thai
Kaeng cha-om,Thai
Kaeng fak sai kai,Thai
Kaeng dok salae,Thai
Kaeng hangle,Thai
Kaeng het,Thai
Kaeng ho,Thai
Kaeng kari,Thai
Kaeng khae,Thai
Kaeng khanun,Thai
Kaeng khiao wan,Thai
Kaeng khilek,Thai
Kaeng khua,Thai
Kaeng khua mu bai chamuang,Thai
Kaeng kradang,Thai
Kaeng lueang,Thai
Kaeng matsaman,Thai
Kaeng om,Thai
Kaeng pa,Thai
Kaeng phak bung sai pla,Thai
Kaeng phak kat cho kraduk mu,Thai
Kaeng phak lueat,Thai
Kaeng phak siangda,Thai
Kaeng phak wan pa,Thai
Kaeng phanaeng,Thai
Kaeng phet,Thai
Kaeng phet pet yang,Thai
Kaeng pli,Thai
Kaeng som,Thai
Kaeng tai pla,Thai
Kaeng thepho,Thai
Kaeng tun,Thai
Kaeng yot maphrao on sai kai,Thai
Kaeng yuak,Thai
Khua kling,Thai
Khua kraduk,Thai
Yam chin kai,Thai
Kaeng ranchuan,Thai
Kai tun ya chin,Thai
Nam sup,Thai
Tom chuet,Thai
Tom kha kai,Thai
Tom khlong,Thai
Tom mara,Thai
Tom phak kat dong mu,Thai
Tom saep,Thai
Tom som kraduk mu,Thai
Tom yam,Thai
Tom yuea phai,Thai
See also: Thai salads,Thai
Khao yam,Thai
Koi pla,Thai
Kung chae nampla,Thai
Kung ten,Thai
Lap Isan,Thai
Lap nuea,Thai
Lap nuea dip,Thai
Mu nam tok,Thai
Naem khluk,Thai
Nuea yang nam tok,Thai
Phla kung,Thai
Phla mu,Thai
Phla nuea makhuea on,Thai
Sa nuea,Thai
Sa nuea sadung,Thai
Som tam khai khem,Thai
Som tam pu,Thai
Som tam,Thai
Tam khanun,Thai
Tam maak hoong,Thai
Tam makhuea,Thai
Tam mamuang,Thai
Tam maphrao on sen mi krop,Thai
Tam mu yo,Thai
Tam phonlamai ruam,Thai
Tam som-o nam pu,Thai
Yam bai cha,Thai
Yam hu mu,Thai
Yam hua pli thot,Thai
Yam hoi khraeng,Thai
Yam khai dao,Thai
Yam khamin khao kung,Thai
Yam kun chiang,Thai
Yam mu krop,Thai
Yam mu yo,Thai
Yam mu yo thot khai dao,Thai
Yam naem sot,Thai
Yam naem khao khot,Thai
Yam no mai,Thai
Yam no mai sai nam pu,Thai
Yam nuea yang,Thai
Yam phak khut,Thai
Yam pla duk fu,Thai
Yam pla khem,Thai
Yam pla salit,Thai
Yam pla thu,Thai
Yam sanat,Thai
Yam som-o,Thai
Yam takhrai kung sot,Thai
Yam thale,Thai
Yam thua phu,Thai
Yam wun sen,Thai
Kai phat khing,Thai
Kai phat met mamuang himmaphan,Thai
Khai yat sai,Thai
Khua chin som sai khai,Thai
Khua ho,Thai
Khua no mai sai mu,Thai
Kaphrao hoi lai,Thai
Khai luk khoei,Thai
Kung thot krathiam phrik Thai,Thai
Mu krop phat kaphrao,Thai
Mu phat sato,Thai
Mu phat sato phak Tai,Thai
Mu wan,Thai
No mai farang phat kung,Thai
Nuea phat bai yira,Thai
Pak boong fai daeng,Thai
Phak khana nam man hoi,Thai
Phat buap,Thai
Phat dok hom,Thai
Phat khana mu krop,Thai
Phat khanaeng mu,Thai
Phat kaphrao,Thai
Phat naem sai khai,Thai
Phat no mai sai khai,Thai
Phat phak khom,Thai
Phat phak ruam,Thai
Phat phrik khing,Thai
Phat yot fak maeo,Thai
Phunim phat phong kari,Thai
Pla duk phat phet,Thai
Pla kaphong phat khuen chai,Thai
Pla muek phat phrik phao,Thai
Tap kai phat phrik sot,Thai
Thua ngok pla khem,Thai
Kai ho bai toei,Thai
Kai thot takhrai,Thai
Kai thot,Thai
Khaep mu,Thai
Mu krop,Thai
Mu thot krathiam,Thai
Nang kai thot,Thai
No yat sai thot,Thai
Pik kai sot sai thot,Thai
Pla buang,Thai
Pla krai thot krathiam,Thai
Pla nin thot samun phrai,Thai
Pla sam rot,Thai
Pla thot,Thai
Pla thot khamin,Thai
Pla wong thot,Thai
Pu cha,Thai
Sai mu thot,Thai
Si khrong mu thot,Thai
Aep mu,Thai
Aep ong-o,Thai
Aep pla noi,Thai
Chin som mok,Thai
Kai yang,Thai
Kho mu yang kratha ron,Thai
Kung yang/kung phao,Thai
Mu manao,Thai
Mu yang,Thai
Nuea ping,Thai
Nuea thup,Thai
Pam khai mot,Thai
Paeng nom yang nuea,Thai
Pla ping top,Thai
Sai krok Isan,Thai
Sai mu ping,Thai
Sai ua,Thai
Suea rong hai,Thai
Yang ruam mu,Thai
Bai po,Thai
Ho mok pla,Thai
Ho mok maphrao on,Thai
Pla nueng manao,Thai
Khai phalo,Thai
Nam chim chaeo,Thai
Nam chim kai,Thai
Nam chim paesa,Thai
Nam chim sate,Thai
Nam phrik i-ke,Thai
Nam phrik kapi,Thai
Nam phrik kha,Thai
Nam phrik khaep mu,Thai
Nam phrik long ruea,Thai
Nam phrik num,Thai
Nam phrik ong,Thai
Nam phrik phao,Thai
Nam phrik pla chi,Thai
Phrik nam pla,Thai
Pu ong,Thai
Sot Si Racha,Thai
Khai dao,Thai
Khai chiao khai mot daeng,Thai
Mu ruam luak chim,Thai
Pla sam thap,Thai
Roti thitchu,Thai
Chingrit thot,Thai
Kai rom khwan,Thai
Karipap,Thai
Khaep mu,Thai
Khanom chip,Thai
Khanom kuichai,Thai
Khanom Tokyo,Thai
Khao phan nga muan,Thai
Khao phan phak,Thai
Luk chin ping,Thai
Mamuang nam pla wan,Thai
Miang kham,Thai
Miang pla,Thai
Mu daet diao,Thai
Nuea daet diao kaphrao thot,Thai
Nuea khem thot,Thai
Pla muek yang,Thai
Sate,Thai
Thot man khaophot,Thai
Thot man pla,Thai
Thot man pu,Thai
Thot man kung,Thai
Tod Mun Hua Plee,Thai
Thung thong,Thai
Tua mai thot,Thai
La tiang,Thai
Chao guay,Thai
Dara thong,Thai
Foi thong,Thai
Khanom bua loi,Thai
Khanom chan,Thai
Khanom farang kudi chin,Thai
Khanom khrok,Thai
Khanom mo kaeng,Thai
Khanom piak pun,Thai
Khanom tako,Thai
Khanom tako phueak,Thai
Khanom tan,Thai
Khanom thuai talai,Thai
Khanom tom,Thai
Khanom tom,Thai
Khanom wun,Thai
Khao niao mamuang,Thai
Khao niao sangkhaya,Thai
Khao tom mat,Thai
Kluai thot,Thai
Kraya sat,Thai
Lot chong nam kathi,Thai
Mamuang dong,Thai
Roti kluai,Thai
Roti sai mai,Thai
Ruam mit,Thai
Sangkhaya fak thong,Thai
Sakhu thua dam,Thai
That khai,Thai
Sakhu sai mu,Thai
Thong yip,Thai
Cha dam yen,Thai
Cha manao,Thai
Cha ron,Thai
Nam wan,Thai
Cha yen,Thai
Kafae boran,Thai
Krating Daeng,Thai
Lao Khao,Thai
Lao Mae Khong,Thai
Nam bai bua bok,Thai
Nam dok anchan,Thai
Nam manao,Thai
Nam phan,Thai
Nam takhrai,Thai
Nom yen,Thai
Oliang,Thai
Saeng som,Thai
Satho,Thai
Gujeolpan ,Korean
Sinseollo ,Korean
Grilled dishes,Korean
Bulgogi,Korean
Bulgogi ,Korean
Galbi ,Korean
Dak galbi ,Korean
Samgyeopsal ,Korean
Makchang gui ,Korean
Gobchang gui ,Korean
Saengseon gui,Korean
Seokhwa gui or jogae gui ,Korean
Deodeok gui,Korean
Beoseot gui,Korean
Gim gui or guun gim ,Korean
Galbijjim ,Korean
Andong jjimdak ,Korean
Agujjim ,Korean
Jeonbokjjim,Korean
Gyeran jjim ,Korean
Oiseon,Korean
Hobakjeon,Korean
Dubujeon,Korean
Sannakji ,Korean
Yukhoe ,Korean
Sukhoe ,Korean
Ganghoe ,Korean
Bulgogi ,Korean
Dak galbi ,Korean
Galbi ,Korean
Samgyeopsal ,Korean
Makchang ,Korean
Gobchang ,Korean
Bossam ,Korean
Yukgaejang ,Korean
Hoe ,Korean
Sannakji ,Korean
Saengchae ,Korean
Oisaengchae,Korean
Doraji saengchae,Korean
Sukchae,Korean
Kongnamul ,Korean
Japchae ,Korean
Guk ,Korean
Tteokguk ,Korean
Haejangguk ,Korean
Miyeok guk ,Korean
Manduguk,Korean
Tang ,Korean
Galbitang,Korean
Oritang,Korean
Samgyetang ,Korean
Seolleongtang ,Korean
Maeuntang ,Korean
Gamjatang ,Korean
Daktoritang ,Korean
Chueotang ,Korean
Bosintang ,Korean
Jjigae ,Korean
Doenjang jjigae,Korean
Cheonggukjang jjigae,Korean
Gochujang jjigae,Korean
Kimchi jjigae ,Korean
Kongbiji jjigae,Korean
Sundubu jjigae ,Korean
Saeujeot jjigae,Korean
Budae jjigae ,Korean
Saengseon jjigae,Korean
Jeongol ,Korean
Bibimbap ,Korean
Boribap ,Korean
Nurungji ,Korean
Ogokbap ,Korean
Kimchi bokkeumbap,Korean
Banchan,Korean
Kimchi ,Korean
Ggakdugi,Korean
Baek kimchi,Korean
Mulkimchi,Korean
Nabak kimchi,Korean
Dongchimi,Korean
Pakimchi,Korean
Buchukimchi,Korean
Oisobakki,Korean
Kkaetnip kimchi,Korean
Chonggak kimchi,Korean
Namul,Korean
Kongnamul ,Korean
Chwinamul ,Korean
Shigeunchi ,Korean
Kohsarii ,Korean
Hobaknamul ,Korean
Kongjaban ,Korean
Dureubnamul ,Korean
Ggaennip ,Korean
Sanmaneul ,Korean
Mul Naengmyeon with Mandu,Korean
Naengmyeon ,Korean
Japchae ,Korean
Jajangmyeon ,Korean
Kalguksu ,Korean
Sujebi ,Korean
Makguksu ,Korean
Jaengban guksu,Korean
Bibim guksu,Korean
Ramyeon ,Korean
Janchi guksu ,Korean
Geonjin guksu,Korean
Jjapaguri ,Korean
Kimbap,Korean
Gimbap ,Korean
Buchimgae,Korean
Bindaeddeok,Korean
Buchimgae,Korean
Hobakjeon,Korean
Pajeon ,Korean
Bindaetteok ,Korean
Mineojeon,Korean
Daegujeon,Korean
Guljeon,Korean
Yeongeunjeon,Korean
Gochujeon,Korean
Dubujeon,Korean
Pyogojeon,Korean
Other snacks,Korean
Tteokbokki,Korean
Sundae ,Korean
Hotteok ,Korean
Hoppang ,Korean
Beondegi ,Korean
Bungeoppang ,Korean
Gyeranppang ,Korean
Anju,Korean
Jokbal dish,Korean
Anju ,Korean
Jokbal ,Korean
Tteok ,Korean
Songpyeon ,Korean
Yakshik ,Korean
Chapssaltteok ,Korean
Makgeolli - Korean rice wine,Korean
Insam-cha ,Korean
Saenggang-cha ,Korean
Sujeonggwa ,Korean
Sikhye ,Korean
Yuja-cha ,Korean
Bori-cha ,Korean
Oksusu-cha ,Korean
Hyeonmi-cha ,Korean
Sungnyung ,Korean
Yulmu-cha ,Korean
Gyeolmyeongja-cha ,Korean
Misutgaru ,Korean
Bánh canh,Vietnamese
Bánh đa cua,Vietnamese
Bánh hỏi,Vietnamese
Bánh tằm cà ri,Vietnamese
Bún bò Huế,Vietnamese
Bún bung,Vietnamese
Bún cá,Vietnamese
Bún chả cá,Vietnamese
Chạo tôm,Vietnamese
Bún chả,Vietnamese
Bún đậu mắm tôm,Vietnamese
Bún mắm,Vietnamese
Bún mọc,Vietnamese
Bún măng vịt,Vietnamese
Bún ốc,Vietnamese
Bún riêu,Vietnamese
Bún thịt nướng,Vietnamese
Bún thang,Vietnamese
Cao lầu,Vietnamese
Cellophane noodles,Vietnamese
"miến, bún tàu, bún tào",Vietnamese
Hủ tiếu,Vietnamese
Mì or Súp mì,Vietnamese
Mì Quảng,Vietnamese
Mì xào giòn,Vietnamese
Phở,Vietnamese
Miến lươn,Vietnamese
Miến trộn,Vietnamese
Rice noodles,Vietnamese
"bánh canh, bánh phở",Vietnamese
Rice vermicelli,Vietnamese
bún,Vietnamese
Bánh ú,Vietnamese
Bánh bao,Vietnamese
Bánh bột lọc,Vietnamese
Bánh bột lọc trần,Vietnamese
Bánh bột lọc lá,Vietnamese
Bánh cam,Vietnamese
Bánh ít,Vietnamese
Bánh ít trần,Vietnamese
Bánh khúc,Vietnamese
Bánh nậm,Vietnamese
Bánh phu thê,Vietnamese
Bánh phu thê bột bán,Vietnamese
Bánh rán,Vietnamese
Bánh tẻ,Vietnamese
Bánh giò,Vietnamese
Bánh bèo,Vietnamese
Bánh bột lọc,Vietnamese
Bánh căn,Vietnamese
Bánh đúc,Vietnamese
Bánh khọt,Vietnamese
Bánh mì,Vietnamese
Bánh rế,Vietnamese
Bánh xèo,Vietnamese
Bánh bột chiên,Vietnamese
Bánh phồng tôm,Vietnamese
Bánh cống,Vietnamese
Bánh quai vạc,Vietnamese
Bánh tai,Vietnamese
Bánh tai heo,Vietnamese
Bánh cuốn,Vietnamese
Bánh tôm,Vietnamese
Bánh tôm Hồ Tây,Vietnamese
Bánh tráng,Vietnamese
Bánh ướt,Vietnamese
Cha gio or Nem ran,Vietnamese
Gỏi cuốn,Vietnamese
Gỏi cá,Vietnamese
Món cuốn,Vietnamese
Popiah,Vietnamese
bò bía,Vietnamese
Trảng Bàng dew-wetted rice paper,Vietnamese
bánh tráng phơi sương Trảng Bàng,Vietnamese
Cơm nắm,Vietnamese
Cơm tấm,Vietnamese
Cơm rượu,Vietnamese
Cơm cháy,Vietnamese
Cơm hến,Vietnamese
Cơm gà Quảng Nam,Vietnamese
Cơm lam,Vietnamese
Cơm chiên,Vietnamese
Xôi,Vietnamese
Oản,Vietnamese
Xôi chiên,Vietnamese
Xôi đậu xanh,Vietnamese
Xôi gà,Vietnamese
Xôi gấc,Vietnamese
Xôi lá cẩm,Vietnamese
Xôi đậu phộng,Vietnamese
Xôi ngũ sắc,Vietnamese
Xôi sắn,Vietnamese
Xôi vò,Vietnamese
Xôi xéo,Vietnamese
Bird's nest soup,Vietnamese
súp yến sào,Vietnamese
Canh chua,Vietnamese
Khổ qua nhồi thịt,Vietnamese
Ốc nấu chuối đậu,Vietnamese
Congee,Vietnamese
cháo,Vietnamese
Cháo lòng,Vietnamese
Lẩu,Vietnamese
Súp măng cua,Vietnamese
Thịt Kho Tàu,Vietnamese
Bò kho,Vietnamese
Balut,Vietnamese
trứng vịt lộn or hột vịt lộn,Vietnamese
Bánh,Vietnamese
Bánh chưng,Vietnamese
Bánh giầy,Vietnamese
Bánh đa,Vietnamese
Bánh gối,Vietnamese
Bánh lá,Vietnamese
Black pudding,Vietnamese
dồi tiết' (Northern) or dồi huyết (Southern),Vietnamese
Bò 7 món,Vietnamese
Cassava-based dishes,Vietnamese
Chả,Vietnamese
Cốm,Vietnamese
Giò lụa,Vietnamese
Lò trấu,Vietnamese
Nem chua,Vietnamese
Ô mai,Vietnamese
Ốc bươu nhồi thịt,Vietnamese
Rousong,Vietnamese
chà bông,Vietnamese
Bò nướng lá lốt,Vietnamese
Tiết canh,Vietnamese
You tiao,Vietnamese
quẩy,Vietnamese
Bánh bò,Vietnamese
Bánh cáy,Vietnamese
Bánh da lợn,Vietnamese
Bánh chuối,Vietnamese
Bánh cốm,Vietnamese
Bánh đậu xanh,Vietnamese
Bánh gai,Vietnamese
Bánh tro,Vietnamese
Bánh in,Vietnamese
Bánh Flan,Vietnamese
Bánh kẹp lá dứa,Vietnamese
Bánh khoai mì,Vietnamese
Bánh khảo,Vietnamese
Bánh lọt,Vietnamese
Bánh mật,Vietnamese
Bánh nhãn,Vietnamese
Bánh pía,Vietnamese
Bánh tét,Vietnamese
Bánh tiêu,Vietnamese
Bánh trung thu,Vietnamese
Chè,Vietnamese
Chè trôi nước,Vietnamese
Chendol,Vietnamese
chè bánh lọt,Vietnamese
Chuối chiên,Vietnamese
Coconut candy,Vietnamese
kẹo dừa,Vietnamese
Sữa chua,Vietnamese
Douhua,Vietnamese
tào phớ,Vietnamese
Grass jelly,Vietnamese
thạch sương sáo,Vietnamese
Mè xửng Huế,Vietnamese
Tangyuan,Vietnamese
bánh trôi,Vietnamese
Tapioca pudding,Vietnamese
chè chuối,Vietnamese
Taro cake,Vietnamese
bánh khoai môn,Vietnamese
Thạch rau câu or sương sa,Vietnamese
Rượu nếp,Vietnamese
Sâm bổ lượng,Vietnamese
Chẳm chéo,Vietnamese
Fish sauce,Vietnamese
nước mắm,Vietnamese
Hoisin sauce,Vietnamese
tương đen,Vietnamese
Muối ớt rau răm,Vietnamese
Muối ớt xanh,Vietnamese
Nước chấm,Vietnamese
Peanut sauce,Vietnamese
tương đậu phộng,Vietnamese
Sa tế,Vietnamese
Shrimp paste,Vietnamese
mắm tôm,Vietnamese
Soy sauce,Vietnamese
xì dầu or nước tương,Vietnamese
Tương,Vietnamese
Tương ớt,Vietnamese
Bia hơi,Vietnamese
Chanh muối,Vietnamese
Nước mía,Vietnamese
Nước sâm,Vietnamese
Nước sắn dây hoa bưởi,Vietnamese
Rau má,Vietnamese
Rượu cần,Vietnamese
Rượu đế,Vietnamese
Rượu thuốc,Vietnamese
Snake wine,Vietnamese
rượu rắn,Vietnamese
Egg soda,Vietnamese
soda sữa hột gà,Vietnamese
Soy milk,Vietnamese
sữa đậu nành,Vietnamese
Vietnamese iced coffee,Vietnamese
cà phê sữa đá,Vietnamese
Vietnamese lotus tea,Vietnamese
"trà sen, chè sen, or chè ướp sen",Vietnamese
Vietnamese tea,Vietnamese
trà Việt,Vietnamese
Vietnamese wine,Vietnamese
Maach Jhol,Indian
Pork Bharta,Indian
Chak-Hao Kheer,Indian
Galho,Indian
Achari baingan,Indian
Aloo gobi,Indian
Aloo tikki,Indian
Aloo tuk,Indian
Aloo matar,Indian
Aloo methi,Indian
Aloo shimla mirch,Indian
Amriti with rabdi,Indian
Amritsari fish,Indian
Amritsari kulcha,Indian
Baati,Indian
Bhatura,Indian
Bhindi masala,Indian
Biryani,Indian
Butter chicken,Indian
Chaat,Indian
Chana masala,Indian
Chapati,Indian
Chicken razala,Indian
Chicken Tikka,Indian
Chicken Tikka masala,Indian
Chole bhature,Indian
Daal baati churma,Indian
Daal puri,Indian
Dal makhani (kali dal),Indian
Dal fara,Indian
Dal,Indian
Dal fry with tadka,Indian
Dum aloo,Indian
Poha,Indian
Fara,Indian
phirni,Indian
French bean aloo,Indian
Gajar ka halwa,Indian
Gajar matar aloo,Indian
Gobhi matar,Indian
Imarti,Indian
Hari mutter ka nimona (green peas daal),Indian
Jalebi,Indian
Jaleba,Indian
Kachori,Indian
Kadai paneer,Indian
Kadhi pakoda,Indian
Karela bharta,Indian
Katha meetha petha / kaddu halwa,Indian
Kheer,Indian
Khichdi,Indian
Kofta,Indian
Kulfi falooda,Indian
Laapsi,Indian
Lauki ke kofte,Indian
Lauki ki subji,Indian
Litti chokha,Indian
Makhaan ka kheer,Indian
"Makki di roti, sarson da saag",Indian
Mathura ke pede,Indian
"Methi saag, chaulai saab",Indian
Millet Halwa,Indian
Misi roti,Indian
Mixed vegetable,Indian
Moong dal ka halwa,Indian
Murgh musallam,Indian
Mushroom do pyaza,Indian
Mushroom matar,Indian
Naan,Indian
Navrattan korma,Indian
Pakhala,Indian
Palak paneer,Indian
Paneer butter masala,Indian
Paneer tikka masala,Indian
Pani puri,Indian
Panjeeri,Indian
Papad,Indian
Paratha,Indian
Pattor,Indian
Phirni,Indian
Pindi chana,Indian
Pinni,Indian
Rajma chaval,Indian
Rajma,Indian
Ramatori subji,Indian
Rongi,Indian
Samosa,Indian
Samose,Indian
Sattu ki roti,Indian
Shahi paneer,Indian
Shahi tukra,Indian
Singhada halwa,Indian
Sooji halwa,Indian
Sweet pethas / kesar petha / pista petha,Indian
Vegetable jalfrezi,Indian
Tandoori Chicken,Indian
Tandoori Fish Tikka,Indian
ananas menaskai,Indian
Attu,Indian
Aval kesari,Indian
Avial,Indian
Baida roti,Indian
Halwa,Indian
Bhajji,Indian
Biryani,Indian
Bisi bele bath (Karnataka),Indian
Bonda,Indian
Chettinadu Chicken,Indian
Chicken 65,Indian
Currivepillai sadam (Tamil Nadu),Indian
Dibba rotti,Indian
Dosa,Indian
Double ka meetha,Indian
Ennai kathirikkai,Indian
Goli bajje,Indian
Hyderabadi biryani,Indian
Idiyappam,Indian
Idli,Indian
Indian omelette,Indian
Kaara kozhambu (Tamil Nadu),Indian
Kanji,Indian
Keerai koottu (Tamil Nadu),Indian
Keerai masiyal,Indian
Keerai poriyal,Indian
Keerai sadam (Tamil Nadu),Indian
Kerala_Beef_Fry,Indian
Kodubale,Indian
kolhapuri akkha masoor Dal,Indian
Koottu,Indian
Kori rotti,Indian
Kos kootu,Indian
Koshambri,Indian
Kothamali sadam,Indian
Kuzhakkattai,Indian
Kuzhambu,Indian
Masala Dosa,Indian
Nandu omelette,Indian
"Obbattu (holige, bobbattu, pooran-poli)",Indian
Olan (dish),Indian
Pachadi,Indian
"Paniyaram, Paddu, Gunthapangnalu",Indian
Papadum,Indian
Paravannam,Indian
Parotta,Indian
Paruppu sadam,Indian
Payasam,Indian
Pesarattu,Indian
Pongal,Indian
Poriyal,Indian
"Puli sadam, Puliogre, Puliohara",Indian
Puttu,Indian
"Ragi mudhe, Kali",Indian
Rasam,Indian
Sajjige,Indian
Sakkara pongal,Indian
Sambar,Indian
"Sandige (Karnataka),Vattral",Indian
Sevai,Indian
Sevai,Indian
Sponge dosa,Indian
Thattai,Indian
"Thayir sadam, mosaranna, perugannam",Indian
Theeyal,Indian
Thengai sadam,Indian
Uttapam Tamil Nadu,Indian
Vada,Indian
Varuval,Indian
"Wheat upma, Uppittu",Indian
"Yelumicham sadam, chitranna",Indian
Amti,Indian
Bajri no rotlo,Indian
Batata Saung,Indian
Barfi,Indian
Basundi,Indian
Bhakri,Indian
Bombil fry,Indian
Chaat,Indian
Chevdo,Indian
Cholafali,Indian
Chorafali,Indian
Daal Dhokli,Indian
Dabeli,Indian
Dahi vada,Indian
Dalithoy,Indian
Dhokla,Indian
Doodhpak,Indian
Dudhi no halwo,Indian
dudhi muthiya,Indian
Dum aaloo,Indian
Gajar halwo,Indian
Gatta curry,Indian
Ghari (sweet from Surat),Indian
Ghooghra,Indian
Gud papdi (Gol papdi),Indian
Gulab jamun,Indian
Halvasan,Indian
Handwo (steamed dish),Indian
Gur,Indian
Jalebi,Indian
Jeera Aloo,Indian
Juvar no rotlo,Indian
Kansar,Indian
Karanji,Indian
Keri no ras,Indian
Khakhra,Indian
Khandvi,Indian
Kombdi vade,Indian
Kopra paak,Indian
Koshimbir,Indian
Kolim / Jawla,Indian
Laapsi,Indian
Laddu,Indian
Locha,Indian
Malpua,Indian
Methi na Gota,Indian
Modak,Indian
Mohanthal,Indian
Chakri (chakali),Indian
Muthiya,Indian
Naralachi vadi / Khobryachi vadi / Coconut vadi,Indian
Oondees,Indian
Panipuri,Indian
Patra,Indian
Pav Bhaji,Indian
Penda,Indian
Poha,Indian
Pooran-poli,Indian
Poori,Indian
Puri Bhaji,Indian
Rasya muthia,Indian
Sabudana Khichadi,Indian
Saath,Indian
Sev khamani,Indian
Sev tameta,Indian
Shakarpara,Indian
Namakpara,Indian
Shankarpali,Indian
Shiro,Indian
Shrikhand,Indian
Sohan papdi,Indian
Soonvali,Indian
Sukhdi,Indian
Surnoli,Indian
Sutarfeni,Indian
Thalipeeth,Indian
Thepla,Indian
Undhiyu,Indian
Upmaa,Indian
Vada pav,Indian
Veg Kolhapuri,Indian
Vindaloo,Indian
Ghebar or Ghevar,Indian
Lilva Kachori,Indian
Maghaz,Indian
Undhiyu,Indian
Mag Dhokli,Indian
Khichu,Indian
Thepla,Indian
Farsi Puri,Indian
Khaman,Indian
Turiya Patra Vatana sabji,Indian
Mohan thaal,Indian
Churma Ladoo,Indian
Zunka or Pitla,Indian
Cheera Doi,Indian
Daab chingri,Indian
Dhup Pitha,Indian
Gheela Pitha,Indian
Hurum,Indian
Khar,Indian
Kumol Sawul,Indian
Loskora (Coconut Laddu),Indian
Luchi,Indian
Malpua/Malpoa,Indian
Momo,Indian
Muri Naaru,Indian
Pani Tenga,Indian
Sunga Pitha,Indian
Alu Pitika,Indian
Masor tenga,Indian
Bengena Pitika,Indian
Bilahi Maas,Indian
Black rice,Indian
Bora Sawul,Indian
Brown Rice,Indian
Chhenagaja,Indian
Chhenapoda,Indian
Chingri malai curry,Indian
Dal,Indian
Goja,Indian
Hando Guri,Indian
Haq Maas,Indian
Horioh Maas,Indian
Ilish or Chingri Bhape,Indian
Kabiraji,Indian
Kharoli,Indian
Khorisa,Indian
Koldil Chicken,Indian
Koldil Duck,Indian
Konir Dom,Indian
Lai Haq Maas,Indian
Litti,Indian
Maasor Tenga,Indian
Machher Jhol,Indian
Masor Koni,Indian
Masor Petu,Indian
Mishti Chholar Dal,Indian
Mishti Doi,Indian
Ou tenga Maas,Indian
Pakhala,Indian
Bhaji,Indian
Pani Pitha,Indian
Pantua,Indian
Payokh,Indian
Peda,Indian
Prawn malai curry,Indian
Red Rice,Indian
Rice,Indian
Rasagola/Roshogolla,Indian
Sabzi (curry),Indian
Shondesh,Indian
Shukto,Indian
Sunga Pork,Indian
Tenga Doi,Indian
Til Pitha,Indian
Apple fritter,CANADA
Atlantic/Maritime seafood chowder,CANADA
B.C. roll,CANADA
Back or peameal bacon,CANADA
Bakeapple pie,CANADA
Baked beans,CANADA
Bannock,CANADA
Beaver tails,CANADA
Blueberry grunt,CANADA
Bologna stew,CANADA
Bouilli,CANADA
Brownie dominoes with wild blueberry cinnamon sauce,CANADA
Bumbleberry pie,CANADA
Butter tarts,CANADA
Calgary-style ginger beef,CANADA
California roll,CANADA
Canadian maple donut,CANADA
Canadian pizza,CANADA
Canadian-style johnnycake,CANADA
Candy apple,CANADA
Caribou stew,CANADA
Cinnamon buns,CANADA
Cod tongues and scrunchions,CANADA
Date square,CANADA
Doukhobour-Canadian borscht,CANADA
Dungeness crab tacos,CANADA
Dutchie,CANADA
Dynamite roll,CANADA
Figgy duff,CANADA
Fish and brewis,CANADA
Fish cakes,CANADA
Flapper pie,CANADA
Flipper pie,CANADA
Fricot,CANADA
Fried macaroni,CANADA
Fried walleye,CANADA
Garlic fingers,CANADA
Girl Guide Cookies,CANADA
Glazed maple shortbread cookies,CANADA
Grands-pères,CANADA
Halifax donair,CANADA
Hawaiian pizza,CANADA
Hodge Podge,CANADA
Hot chicken sandwich,CANADA
Hot hamburger sandwich,CANADA
Hot-smoked salmon sandwich,CANADA
Indian-style pizza,CANADA
Jam busters,CANADA
Japadog,CANADA
Jellied moose nose,CANADA
Jiggs dinner,CANADA
Kubie burger,CANADA
Lobster roll,CANADA
London broil,CANADA
Maple leaf cream cookies,CANADA
Maple slaw,CANADA
Maple syrup,CANADA
Maple syrup pie,CANADA
Maple taffy,CANADA
Mashed potatoes,CANADA
Montreal-style bagels,CANADA
Montreal-style smoked meat,CANADA
Moosehunters,CANADA
Muktuk,CANADA
Nanaimo balls,CANADA
Nanaimo bars,CANADA
Newfoundland chow mein,CANADA
Nougabricot,CANADA
Oatcakes,CANADA
Oreilles de crisse,CANADA
Pacific smoked salmon,CANADA
Pancakes,CANADA
Passion flakes,CANADA
Pasty,CANADA
Pâté au saumon,CANADA
Pâté Chinois,CANADA
Pemmican,CANADA
Persians,CANADA
Pets de sœurs,CANADA
Pictou County pizza,CANADA
Pierogi,CANADA
Pinecone gingerbread cookies,CANADA
Pizza-ghetti,CANADA
Ploye,CANADA
Pouding chômeur,CANADA
Poutine,CANADA
Poutine râpée,CANADA
Queen Elizabeth cake,CANADA
Rappie pie,CANADA
Roast beef and Yorkshire pudding,CANADA
Roast turkey,CANADA
Saskatoonberry pie,CANADA
Sausage roll,CANADA
Schmoo torte,CANADA
Smoked goldeye,CANADA
Soupe aux gourganes,CANADA
Sucre à la crème,CANADA
Sushi pizza,CANADA
Sweet bannock,CANADA
Sxusem,CANADA
Tarte au sucre,CANADA
Tea biscuit,CANADA
Teriyaki salmon,CANADA
Thunder Bay bon bons,CANADA
Tiger tail ice cream,CANADA
Timbits,CANADA
Tourtière,CANADA
Touton,CANADA
West Coast fish chowder,CANADA
White sturgeon caviar,CANADA
Windsor pizza,CANADA
Yellow pea soup,CANADA
A mille-feuille pastry,FRANCE
A sweet crêpe,FRANCE
A typical choucroute garnie,FRANCE
Aïoli,FRANCE
Aligot,FRANCE
Andouillette,FRANCE
Andouillettes,FRANCE
Axoa,FRANCE
Baba au rhum,FRANCE
Baeckeoffe,FRANCE
Baguette,FRANCE
Baguette,FRANCE
Bœuf bourguignon,FRANCE
Bouchée à la reine,FRANCE
Bouillabaisse,FRANCE
Boule,FRANCE
Bourride,FRANCE
Brandade de morue,FRANCE
Bûche de Noël,FRANCE
Cacasse à cul nu,FRANCE
Café liégeois',FRANCE
Calisson,FRANCE
Cargolade,FRANCE
Carpe frites,FRANCE
Cassoulet,FRANCE
Chichi,FRANCE
Chicken Marengo,FRANCE
Choucroute garnie,FRANCE
Clapassade,FRANCE
Confit de canard,FRANCE
Coq au Riesling,FRANCE
Coq au vin,FRANCE
Crème brûlée,FRANCE
Crepe et fruit,FRANCE
Crêpes,FRANCE
Croissant,FRANCE
Croquembouche,FRANCE
Croustade aux pommes,FRANCE
Daube provençale,FRANCE
Éclair,FRANCE
Encornets farcis,FRANCE
Escargots de Bourgogne,FRANCE
Far Breton,FRANCE
Far Breton,FRANCE
Farcidure,FRANCE
Farçous,FRANCE
Ficelle,FRANCE
Flammekueche,FRANCE
Flaugnarde,FRANCE
Flaune,FRANCE
Flûte,FRANCE
Flûtes,FRANCE
Foie gras,FRANCE
Fondu creusois,FRANCE
Fondue savoyarde,FRANCE
Fouace,FRANCE
Fougasse,FRANCE
Fraisier,FRANCE
Fuseau lorrain,FRANCE
Galette des rois,FRANCE
Garbure,FRANCE
Gateau au yaourt,FRANCE
Gateau des rois,FRANCE
Gibassier,FRANCE
Glace Plombières,FRANCE
Gougère,FRANCE
Gratin dauphinois,FRANCE
Gratin de blettes,FRANCE
Gratin de crozets savoyard,FRANCE
Gruyère Cheese Gougères.,FRANCE
Hachis Parmentier,FRANCE
Haricots a la Bretonne,FRANCE
Jambon persillé,FRANCE
Jambon-beurre,FRANCE
Kig ha farz,FRANCE
Knack,FRANCE
Kouglof,FRANCE
Kouign amann,FRANCE
Macarons,FRANCE
Macarons de Nancy,FRANCE
Madeleine,FRANCE
Madeleine,FRANCE
Magret de canard,FRANCE
Matelote,FRANCE
Mille-feuilles,FRANCE
Moules à la crème Normande,FRANCE
Mousse au chocolat,FRANCE
Navette,FRANCE
Oeufs en meurette,FRANCE
Oreilette,FRANCE
Pain au chocolat,FRANCE
Pain de campagne,FRANCE
Pain de mie,FRANCE
Pain perdu,FRANCE
Pan-bagnat,FRANCE
Panisses,FRANCE
Pansette de Gerzat,FRANCE
Pascade,FRANCE
Pâté aux pommes de terre,FRANCE
Pâté lorrain,FRANCE
Pieds paquets,FRANCE
Piperade,FRANCE
Pissaladière,FRANCE
Pôchouse,FRANCE
Pompe à l'huile,FRANCE
Potée Lorraine,FRANCE
Poulet à la bretonne,FRANCE
Poulet au cidre et aux carottes de Créances,FRANCE
Poulet chasseur,FRANCE
Presskopf,FRANCE
Quatre-quarts,FRANCE
Quenelle,FRANCE
Quiche Lorraine,FRANCE
Quince cheese,FRANCE
Raclette,FRANCE
Ratatouille,FRANCE
Rillettes,FRANCE
Rosbif à l'alsacienne,FRANCE
Rouille de seiche,FRANCE
Saint Honoré,FRANCE
Salade Aveyronaise,FRANCE
Salade Niçoise,FRANCE
Saucisse de Strasbourg,FRANCE
Socca,FRANCE
Soufflé,FRANCE
Soupe à l'oignon,FRANCE
Soupe au fromage,FRANCE
Soupe au Pistou,FRANCE
Soupe au pistou,FRANCE
Spätzle,FRANCE
Tapenade,FRANCE
Tarte à l'Badrée,FRANCE
Tarte à l'oignon,FRANCE
Tarte à la brimbelle,FRANCE
Tarte à la mirabelle,FRANCE
Tarte flambée,FRANCE
Tarte Normande,FRANCE
Tarte tropézienne,FRANCE
Tartiflette,FRANCE
Tartiflette with ham,FRANCE
Tête de veau,FRANCE
Teurgoule,FRANCE
Tomme cheese,FRANCE
Tourte,FRANCE
Tourtous aux rillettes d'oie,FRANCE
Trinxat,FRANCE
Tripes à la mode de Caen,FRANCE
Tripoux,FRANCE
Truffade,FRANCE
Aachener Printen,GERMAN
Akvavit,GERMAN
Apfelkuchen,GERMAN
Apfelwein,GERMAN
ärenfang,GERMAN
aultaschen,GERMAN
Baumkuchen,GERMAN
Bayrisch Creme,GERMAN
Bayrisch Kraut,GERMAN
Beamtenstippe,GERMAN
Beetenbartsch,GERMAN
Berliner Luft,GERMAN
Berliner Pfannkuchen,GERMAN
Berliner Weisse,GERMAN
Birnen,GERMAN
Birnen,GERMAN
Blindhuhn,GERMAN
Blutwurst,GERMAN
Blutwurst,GERMAN
Bratkartoffeln,GERMAN
Bratwurst,GERMAN
Bratwurst,GERMAN
Braunschweiger,GERMAN
Bregenwurst,GERMAN
Bremer Kükenragout,GERMAN
Brenntar,GERMAN
Brotzeit,GERMAN
Brunswick Mum,GERMAN
Buchteln,GERMAN
Buletten,GERMAN
Butterkuchen,GERMAN
Buttermilchsuppe,GERMAN
Calenberger Pfannenschlag,GERMAN
Chestnuts,GERMAN
Currywurst,GERMAN
Currywurst,GERMAN
Dampfnudel,GERMAN
Dibbelabbes,GERMAN
Dinkelbrot,GERMAN
Drei im Weggla,GERMAN
Eierkuchen,GERMAN
Eierschecke,GERMAN
Eisbein,GERMAN
Eisbein,GERMAN
Extrawurst,GERMAN
Federweisser,GERMAN
Filderkraut,GERMAN
Fischbrötchen,GERMAN
Fischmilch,GERMAN
Flädlesuppe,GERMAN
Flammkuchen,GERMAN
Fliederbeersuppe,GERMAN
Frankfurter sausage,GERMAN
Fränkische Bratwurst,GERMAN
Franzbrötchen,GERMAN
Frikadelle,GERMAN
Gaisburger Marsch,GERMAN
Geheirate,GERMAN
Gequellde mit weißem Kees,GERMAN
Gose,GERMAN
Green Sauce,GERMAN
Gruenkohlgericht,GERMAN
Grumbeersupp un Quetschekuche,GERMAN
Hackepeter,GERMAN
Halve Hahn,GERMAN
Hamburger Aalsuppe,GERMAN
Hamburger Hummersuppe,GERMAN
Hamburger Krabbensuppe,GERMAN
Hamburger Speck,GERMAN
Handkäse,GERMAN
Harzer,GERMAN
Hasenpfeffer,GERMAN
Heißewecken,GERMAN
Helles,GERMAN
Hendl,GERMAN
Herrencreme,GERMAN
Himbeergeist,GERMAN
Himmel und Erde,GERMAN
Hochzeitssuppe,GERMAN
ierwurst,GERMAN
Jägermeister,GERMAN
Kartoffelkäse,GERMAN
Kartoffelklöße,GERMAN
Kartoffelsalat,GERMAN
Kartoffelsalat,GERMAN
Kartoffelsuppe,GERMAN
Käsekuchen,GERMAN
Käsespätzle,GERMAN
Kassler,GERMAN
Kassler,GERMAN
Kieler Sprotten,GERMAN
Killepitsch,GERMAN
Kirschenmichel,GERMAN
Kirschwasser,GERMAN
Kluntjes,GERMAN
Knackwurst,GERMAN
Knieperkohl,GERMAN
Knipp,GERMAN
Knödel,GERMAN
Kohlroulade,GERMAN
Kohlwurst,GERMAN
Königsberger Klopse,GERMAN
Königsberger Klopse,GERMAN
Königsberger Marzipan,GERMAN
Kopskiekelwein,GERMAN
Korn,GERMAN
Krabbentoast,GERMAN
Kuemmerling,GERMAN
Kuttelsuppe,GERMAN
Labskaus,GERMAN
Labskaus,GERMAN
Labskaus,GERMAN
Leberkäse,GERMAN
Leberknödel,GERMAN
Lebkuchen,GERMAN
Leipziger Allerlei,GERMAN
Liegnitzer Bombe,GERMAN
Limburger,GERMAN
Linsen mit Spätzle,GERMAN
Liverwurst,GERMAN
Magdeburger Schmalzkuchen,GERMAN
Mainzer Kaese,GERMAN
Marillenschnaps,GERMAN
Marmorkuchen,GERMAN
Marzipan,GERMAN
Mecklenburger Rippenbraten,GERMAN
Mehlbeutel,GERMAN
Mettwurst,GERMAN
Mohnkuchen,GERMAN
Möpkenbrot,GERMAN
Münchener Bier,GERMAN
Muscheln Rheinischer Art,GERMAN
Mutzbraten,GERMAN
Nordseegarnelen,GERMAN
Nürnberger Rostbratwurst,GERMAN
Obatzda,GERMAN
Pälzer Lewwerworschd,GERMAN
Pellkartoffel,GERMAN
Pfefferpotthast,GERMAN
Pfefferpotthast,GERMAN
Pichelsteiner,GERMAN
Pickert,GERMAN
Pillkaller Machandel,GERMAN
Pinkel mit Grünkohl,GERMAN
Pottwurst,GERMAN
Pressack mit Musik,GERMAN
Prinzregententorte,GERMAN
Prophetenkuchen,GERMAN
Pumpernickel,GERMAN
Quarkkeulchen,GERMAN
Radler,GERMAN
Ratzeputz,GERMAN
Räucheraal,GERMAN
Regensburger Wurst,GERMAN
Reibekuchen,GERMAN
Rheinischer Sauerbraten,GERMAN
Rinderroulade,GERMAN
Rinderroulade,GERMAN
Rote Grütze,GERMAN
Rotkäppchen Sektkellerei,GERMAN
Rump steak,GERMAN
Sahnehering,GERMAN
Sauerbraten,GERMAN
Sauerbraten,GERMAN
Sauerkraut,GERMAN
Saumagen,GERMAN
Saure Zipfel,GERMAN
Saures Lüngerl,GERMAN
Schälklöße,GERMAN
Schäufele,GERMAN
Schierker Feuerstein,GERMAN
Schlachteplatte,GERMAN
Schlachtschüssel,GERMAN
Schlesische Kartoffelklöße,GERMAN
Schlesische Küche,GERMAN
Schlesisches Himmelreich,GERMAN
Schmandkuchen,GERMAN
Schnitzel,GERMAN
Schnüüsch,GERMAN
Schorle,GERMAN
Schupfnudel,GERMAN
Schwarzsauer,GERMAN
Schwarzsauer,GERMAN
Schwedeneisbecher,GERMAN
Schweinsbraten,GERMAN
Schweinshaxe,GERMAN
Schweinshaxe,GERMAN
Schwenker,GERMAN
Snuten un Poten,GERMAN
Spanferkel,GERMAN
Spanish fricco,GERMAN
Spargel,GERMAN
Spätzle,GERMAN
Spätzle,GERMAN
Speck,GERMAN
Speckpfannkuchen,GERMAN
Spirgel,GERMAN
Springerle,GERMAN
Stadtwurst,GERMAN
Steckrübeneintopf,GERMAN
Stippgrütze,GERMAN
Stollen,GERMAN
Stollen,GERMAN
Stonsdorfer,GERMAN
Streuselkuchen,GERMAN
Tafelspitz,GERMAN
Teichelmauke,GERMAN
Thüringer Klöße,GERMAN
Thüringer Rostbrätel,GERMAN
Thuringian sausage,GERMAN
Tilsiter cheese,GERMAN
Topfenstrudel,GERMAN
Tüffel un Plum,GERMAN
Underberg,GERMAN
Weck,GERMAN
Weihnachtsgans,GERMAN
Weihnachtsgans,GERMAN
Weihnachtskarpfen,GERMAN
Weißwurst,GERMAN
Weizenbier,GERMAN
Welf pudding,GERMAN
Westphalian ham,GERMAN
Wibele,GERMAN
Wickelklöße,GERMAN
Wurstbrühe,GERMAN
Wurstsalat,GERMAN
Zwetschgenwasser,GERMAN
Zwiebelkuchen,GERMAN
Zwiebelkuchen,GERMAN
Zwiebelkuchen,GERMAN
A piece of sugary pan de muerto,MEXICO
Aguachile,MEXICO
Aguachile,MEXICO
Albóndigas,MEXICO
Alegrías,MEXICO
Alfajor,MEXICO
Amaranto,MEXICO
Ancas de Rana,MEXICO
Aporreadillo,MEXICO
Arroz a la tumbada,MEXICO
Arroz amarillo,MEXICO
Arroz con camarones,MEXICO
Arroz con huevo,MEXICO
Arroz con leche,MEXICO
Arroz con leche,MEXICO
Arroz con lima,MEXICO
Arroz con pollo,MEXICO
Arroz negro,MEXICO
Arroz poblano,MEXICO
Arroz rojo,MEXICO
Arroz verde,MEXICO
Avocado,MEXICO
Barbacoa,MEXICO
Beef brain,MEXICO
Bionico,MEXICO
Birria,MEXICO
Birria,MEXICO
Bistec,MEXICO
Bolillos,MEXICO
Brazo de gitano,MEXICO
Buñuelos,MEXICO
Burrito,MEXICO
Burro percherón,MEXICO
Cabrito,MEXICO
Cajeta,MEXICO
Calabacitas con puerco,MEXICO
Calavera,MEXICO
caldo de camaron shrimp soup,MEXICO
caldo de mariscos,MEXICO
caldo de pollo,MEXICO
Caldo de queso,MEXICO
caldo de queso,MEXICO
caldo de res,MEXICO
caldo tlalpeño,MEXICO
Camarones al Mojo de Ajo,MEXICO
Camote,MEXICO
Capirotada,MEXICO
Carlota de limón,MEXICO
Carne a la tampiqueña,MEXICO
Carne asada,MEXICO
carne en su jugo,MEXICO
Carne guisada,MEXICO
Carnitas,MEXICO
Cecina,MEXICO
Cemitas sandwiches,MEXICO
Chahuis,MEXICO
Chalupa,MEXICO
Chamoy,MEXICO
Champurrado,MEXICO
Chapulines,MEXICO
Chapulines,MEXICO
Charales,MEXICO
Chicharrón,MEXICO
Chicken feet,MEXICO
Chilaquiles,MEXICO
Chile relleno,MEXICO
Chiles en nogada,MEXICO
Chilorio,MEXICO
Chilpachole de jaiba,MEXICO
Chimichangas,MEXICO
Chocolate,MEXICO
Chocolate brownie,MEXICO
Chongos zamoranos,MEXICO
Choriqueso,MEXICO
Chorizo,MEXICO
Chorizo,MEXICO
Churros,MEXICO
Cocadas,MEXICO
Cochinita pibil,MEXICO
Cochinita pibil,MEXICO
Cochinito de Piloncillo,MEXICO
Cocido,MEXICO
Coconut candy,MEXICO
Cóctel de camarón and other seafood cocktails,MEXICO
Concha,MEXICO
Corunda,MEXICO
Coyotas,MEXICO
Crepas de cajeta,MEXICO
Cuitlacoche,MEXICO
Curtido,MEXICO
Dulce de leche,MEXICO
Egg rolls,MEXICO
Elote,MEXICO
Empanadas,MEXICO
Enchilada,MEXICO
Enfrijoladas,MEXICO
Ensalada de fruta,MEXICO
Entomatadas,MEXICO
Escamol,MEXICO
Escamoles,MEXICO
Fajitas,MEXICO
Fideos,MEXICO
Filete de pescado,MEXICO
Flan,MEXICO
Flan,MEXICO
Flautas,MEXICO
Fresas con crema,MEXICO
Fried ice cream,MEXICO
Frijoles,MEXICO
Frijoles charros,MEXICO
Frijoles charros,MEXICO
Frijoles negros,MEXICO
Frijoles pintos,MEXICO
Frijoles Puercos,MEXICO
Frijoles refritos,MEXICO
Fritada,MEXICO
Frozen banana,MEXICO
Gelatina,MEXICO
Glorias,MEXICO
Gorditas,MEXICO
Gorditas de azucar,MEXICO
Gringas,MEXICO
Guacamole,MEXICO
Huachinango a la Veracruzana,MEXICO
Huaraches,MEXICO
Huauzontles,MEXICO
Huevos motuleños,MEXICO
Huevos rancheros,MEXICO
Huitlacoche,MEXICO
Ice cream,MEXICO
Jamoncillos,MEXICO
Japanese peanuts,MEXICO
Jarritos,MEXICO
Jicama,MEXICO
Jocoque,MEXICO
Jumiles,MEXICO
Lengua,MEXICO
Lentil soup,MEXICO
Longaniza,MEXICO
Macarrones de dulce de leche,MEXICO
Machaca,MEXICO
Maguey worm,MEXICO
Mancha manteles,MEXICO
Manjar blanco,MEXICO
Mazapán de Cacahuate,MEXICO
Memela,MEXICO
Menudo,MEXICO
Menudo,MEXICO
Migas,MEXICO
Milanesas,MEXICO
Mixiotes,MEXICO
Mole blanco,MEXICO
Mole de olla,MEXICO
Mole poblano,MEXICO
Mole sauce,MEXICO
Mole verde,MEXICO
Molletes,MEXICO
Molotes,MEXICO
Morisqueta,MEXICO
Moronga,MEXICO
Nachos,MEXICO
Nicuatole,MEXICO
Nopalitos,MEXICO
Obleas,MEXICO
Paletas,MEXICO
Palmier,MEXICO
Pambazos,MEXICO
Pan de Acambaro,MEXICO
Pan de muerto,MEXICO
Pan de nata,MEXICO
Pan dulce,MEXICO
Panucho,MEXICO
Papadzules,MEXICO
Papas,MEXICO
Parilladas,MEXICO
Pastel azteca,MEXICO
Pastel azteca,MEXICO
Pastel de queso,MEXICO
Pastel de tres leches,MEXICO
Pejelagarto,MEXICO
Pepian,MEXICO
Pepitorias,MEXICO
Pescado Zarandeado,MEXICO
Picadillo,MEXICO
Pickled pigs' feet,MEXICO
Pico de gallo,MEXICO
Platano,MEXICO
Plátano frito,MEXICO
Poc Chuc,MEXICO
Pollo asado,MEXICO
Pollo Encacahuatado,MEXICO
Pollo Morelense,MEXICO
Pollo motuleño,MEXICO
Pollo picado,MEXICO
Pollo rostizado,MEXICO
Polvorón,MEXICO
Pozole,MEXICO
Puntas,MEXICO
Quesadillas,MEXICO
Queso,MEXICO
Queso de cuajo,MEXICO
Queso de Puerco,MEXICO
Queso flameado,MEXICO
Rajas con crema,MEXICO
Romeritos,MEXICO
Rosca de reyes,MEXICO
Salbutes,MEXICO
Salsa,MEXICO
Salsa,MEXICO
Salsa chipotle,MEXICO
Salsa verde,MEXICO
Sincronizadas,MEXICO
Sopa,MEXICO
Sopa Azteca,MEXICO
Sopa de fideo,MEXICO
sopa de flor de calabaza,MEXICO
Sopa de lima,MEXICO
Sopa de nueces,MEXICO
Sopa de pescado siete mares,MEXICO
Sopa de pollo,MEXICO
Sopa de tortilla,MEXICO
Sopa tarasca,MEXICO
Sopaipilla,MEXICO
Sopes,MEXICO
Taco al pastor,MEXICO
Tacos,MEXICO
Tacos de sesos,MEXICO
Tacuarines,MEXICO
Tamales,MEXICO
Taquitos,MEXICO
Tlacoyos,MEXICO
Tlayudas,MEXICO
Tortas,MEXICO
Tortillas,MEXICO
Tostadas,MEXICO
Tostilocos,MEXICO
Totopo,MEXICO
Tripas,MEXICO
Venado,MEXICO
Yuca,MEXICO
American cheese,USA
Banana bread,USA
Banana pudding,USA
BLT,USA
Bologna sausage,USA
Breakfast sausage,USA
Buffalo Wings,USA
Calas,USA
Charleston red rice,USA
Chaudin,USA
Cheddar cheese,USA
Cheesesteak,USA
Chicken bog,USA
Chili con carne,USA
Chocolate brownie,USA
Chocolate chip cookies,USA
Chorizo,USA
Club sandwich,USA
Colby,USA
Cornbread,USA
Cream cheese,USA
Cuban bread,USA
Dirty rice,USA
Fluffernutter,USA
Frybread,USA
Fudge,USA
Glorified rice,USA
Goetta,USA
Gouda,USA
Gumbo,USA
Gumbo,USA
Half-smoke,USA
Hamburger,USA
Hard-shell taco,USA
Hawaiian haystack,USA
Hoppin' John,USA
Hot dog,USA
Hot dogs,USA
Hot link,USA
Italian beef,USA
Italian hot dog,USA
Jambalaya,USA
Jell-O,USA
Key lime pie,USA
Lebanon bologna,USA
Maxwell Street Polish,USA
Monterey Jack,USA
Pastrami on rye,USA
Peanut butter and jelly sandwich,USA
Peanut butter cookie,USA
Pecan pie,USA
Polish Boy,USA
Pumpkin pie,USA
Red beans and rice,USA
Red velvet cake,USA
Reuben sandwich,USA
Rice and gravy,USA
Roasted turkey,USA
S'more,USA
Shrimp creole,USA
Sloppy joe,USA
Spanish rice,USA
Sundae,USA
Swiss,USA
Texas toast,USA
Velveeta,USA
Acquacotta,ITALY
Agghiotta di lumache,ITALY
Agliata,ITALY
Agrodolce,ITALY
Bagna càuda,ITALY
Capra e fagioli,ITALY
Cioppino broth based seafood stew,ITALY
Garmugia,ITALY
Ginestrata,ITALY
Grine sauce,ITALY
Maccu,ITALY
Sugo al Pomodoro,ITALY
Minestra di ceci,ITALY
Minestra di pasta con pesce,ITALY
Minestrone,ITALY
Pasta e fagioli,ITALY
Ragù alla bolognese,ITALY
Ragù alla napoletana,ITALY
Ragù alla salsiccia,ITALY
Ragù,ITALY
Risi e bisi,ITALY
Sciusceddu,ITALY
Stracciatella,ITALY
Boreto,ITALY
Fonduta,ITALY
Minestra di fagioli,ITALY
Pesto,ITALY
Bari,ITALY
Bozza pratese,ITALY
Casatiello,ITALY
Ciabatta,ITALY
Ciaccino,ITALY
Ciriola,ITALY
Colomba Pasquale,ITALY
Coppia Ferrarese,ITALY
Cornetto,ITALY
Crescentina,ITALY
Crescia,ITALY
Crocchè,ITALY
Farinata,ITALY
Ficattola,ITALY
Focaccia,ITALY
Fragguno,ITALY
Grissini torinesi,ITALY
Michetta,ITALY
Moddizzosu,ITALY
Muffuletta,ITALY
Neccio,ITALY
Pandoro,ITALY
Pane carasau,ITALY
Pane casareccio,ITALY
Pane di Altamura,ITALY
Pane di Genzano,ITALY
Pane pugliese,ITALY
Pane di Laterza,ITALY
Pane di Matera,ITALY
Pane rustico,ITALY
Pane toscano,ITALY
Panelle di ceci,ITALY
Panettone,ITALY
Panino,ITALY
Penia,ITALY
Piadina,ITALY
Pita,ITALY
Rosetta,ITALY
Schiacciata,ITALY
Taralli,ITALY
Testarolo,ITALY
Tigella,ITALY
Tortano,ITALY
Torta salata,ITALY
Ai frutti di mare,ITALY
Calzone,ITALY
Focaccia al rosmarino,ITALY
Pizza ai funghi e salsiccia,ITALY
Pizza al taglio,ITALY
Pizza ai quattro formaggi,ITALY
Pizza alla napoletana,ITALY
Pizza capricciosa,ITALY
Pizza Margherita,ITALY
Pizza marinara,ITALY
Pizza pugliese,ITALY
Pizza quattro stagioni,ITALY
Pizza romana,ITALY
Pizza siciliana,ITALY
Agnolotti,ITALY
Bavette,ITALY
Cannelloni,ITALY
Capellini,ITALY
Cappelletti,ITALY
Chitarra,ITALY
Conchiglie,ITALY
Ditalini,ITALY
Eliche,ITALY
Farfalle,ITALY
Garganelli,ITALY
Gnocchi,ITALY
Gnocchi di semolino,ITALY
Lasagna,ITALY
Maccheroni,ITALY
Offelle,ITALY
Orzo,ITALY
Paccheri,ITALY
Ravioli,ITALY
Spaghetti,ITALY
Stelline,ITALY
Testaroli,ITALY
Tacconi,ITALY
Vermicelli,ITALY
Ziti,ITALY
Bucatini all'Amatriciana,ITALY
Cannelloni al ragù,ITALY
Carbonara,ITALY
Ciceri e Tria,ITALY
Cacio e pepe,ITALY
Fettuccine Alfredo,ITALY
Lasagne,ITALY
Linguine alle vongole - with clam sauce,ITALY
Pansotti alla genovese,ITALY
Pasta all'Ortolana,ITALY
Pasta al pesto,ITALY
Penne all'arrabbiata,ITALY
Pasta con i peperoni cruschi,ITALY
Pasta con le sarde,ITALY
Ravioli,ITALY
Rigatoni con la Pajata,ITALY
Spaghetti alla Carrettiera,ITALY
Tagliatelle alla boscaiola,ITALY
Tortelloni alla zucca,ITALY
Tortellini,ITALY
Tortelloni ricotta and spinaci,ITALY
Trofie al pesto,ITALY
Tumact me tulez,ITALY
Ziti,ITALY
Arancini,ITALY
Insalata di riso,ITALY
Pomodori col riso,ITALY
Risi e bisi,ITALY
Riso al nero di seppia,ITALY
Riso alla toscana,ITALY
Riso con i porcini,ITALY
Riso e indivia,ITALY
Riso tonnato,ITALY
Riso valdostano,ITALY
Risotto,ITALY
Risotto ai gamberoni,ITALY
Risotto ai quattro sapori,ITALY
Risotto al Barolo,ITALY
Risotto al cavolfiore,ITALY
Risotto al Gorgonzola,ITALY
Risotto alla marinara,ITALY
Risotto alla milanese,ITALY
Risotto alla sbirraglia,ITALY
Risotto alla zucca,ITALY
Risotto allo zafferano con petto d'anatra,ITALY
Risotto con agoni,ITALY
Risotto con la lüganega,ITALY
Risotto con scamorza e champagne,ITALY
Risotto di seppie alla veneziana,ITALY
Risotto indivia e fiori di zucca,ITALY
Risotto saltato,ITALY
Sformato al basilico,ITALY
Sformato di riso dolce,ITALY
Tiella di riso,ITALY
Acciughe fritte in pastella,ITALY
Acciughe in carpione,ITALY
Acqua pazza,ITALY
Acquadella o latterino fritto,ITALY
Agghiotta di pesce spada,ITALY
Alici,ITALY
Anguilla marinata,ITALY
Baccalà,ITALY
Baccalà alla lucana,ITALY
Baccalà alla vicentina,ITALY
Baccalà fritto,ITALY
Baccalà mantecato[22],ITALY
Boreto alla graisana,ITALY
Branzino al sale,ITALY
Brodetto di arselle,ITALY
Buridda,ITALY
Cacciucco,ITALY
Calamaretti fritti,ITALY
Calamari in zimino,ITALY
Calamari ripieni,ITALY
Capesante alla veneziana,ITALY
Cappon magro,ITALY
Carpaccio di pesce,ITALY
Cartoccio di pesce spada,ITALY
Cozze alla tarantina,ITALY
Cozze fritte alla viareggina,ITALY
Cozze ripiene,ITALY
Filetti di baccalà,ITALY
Filetti di orata al cartoccio,ITALY
Fritata di bianchetti,ITALY
Fritto misto di pesce,ITALY
Frittura mista di pesce,ITALY
Grancevola alla veneziana,ITALY
Impanata di pesce spada,ITALY
Involtini di pesce,ITALY
Missultin e polenta,ITALY
Moscardini lessati alla genovese,ITALY
Murena fritta,ITALY
Nasello al forno,ITALY
Orata arrosto,ITALY
Orate al forno,ITALY
Pepata di cozze,ITALY
Pesce a scabecciu,ITALY
Pesce al cartoccio,ITALY
Pesce alla pizzaiola,ITALY
Pesce spada alla siciliana,ITALY
Pesce spada arrosto in salmoriglio,ITALY
Polpettine di mare,ITALY
Sarde a beccafico,ITALY
Sarde arraganate,ITALY
Sarde grigliate,ITALY
Sarde ripiene,ITALY
Sarde sfiziose panate,ITALY
Sardele in saor,ITALY
Sbroscia bolsenese,ITALY
Scampi a zuppetta,ITALY
Scampi gratinati,ITALY
Seppie col nero alla veneziana,ITALY
Seppie con i piselli,ITALY
Seppie ripiene,ITALY
Seppioline in umido,ITALY
Sogliole alla mugnaia,ITALY
Spiedini ai frutti di mare,ITALY
Spiedini di alici,ITALY
Spiedini di anguilla,ITALY
Stoccafisso alla genovese,ITALY
Stoccafisso alla ligure,ITALY
Tonno sott'olio,ITALY
Tortiera di cozze,ITALY
Totano imbottito,ITALY
Triglie alla livornese,ITALY
Zuppa di pesce,ITALY
